frame_id,target_id,class_name,x1,y1,x2,y2,bbox_height_px,depth_score,distance_m
1,1,car,1000.32,486.59,1077.71,531.86,45.27,0.2158,25.08
1,2,car,802.32,482.87,858.72,528.27,45.4,0.1922,25.12
1,3,car,1103.29,474.93,1144.2,505.42,30.49,0.1784,29.28
1,4,car,862.69,480.97,918.14,527.17,46.21,0.1936,29.16
1,5,car,752.7,491.88,782.75,514.07,22.19,0.1773,38.0
2,6,car,1008.05,485.03,1071.87,532.13,47.1,0.1805,33.57
2,7,car,811.85,482.61,885.23,540.36,57.75,0.1896,31.94
2,8,car,875.04,469.83,908.22,498.6,28.77,0.1369,28.13
2,9,car,725.58,490.83,753.41,515.26,24.43,0.1752,35.68
2,10,car,1100.58,467.17,1144.82,506.44,39.28,0.1395,38.91
2,11,car,771.27,481.33,827.88,531.77,50.44,0.1808,33.06
2,12,car,771.73,494.06,821.22,531.85,37.79,0.184,27.5
3,13,car,721.49,487.42,825.08,567.72,80.3,0.2359,22.36
3,14,car,996.34,483.37,1061.72,537.66,54.29,0.182,21.82
3,15,car,677.21,494.14,711.1,523.47,29.33,0.1996,24.68
3,16,car,1080.84,479.26,1124.38,510.5,31.24,0.1442,32.33
3,17,car,830.61,477.1,873.68,506.38,29.28,0.147,38.46
3,18,car,899.45,461.85,949.96,513.79,51.94,0.1423,32.93
3,19,car,947.87,464.34,976.85,491.78,27.44,0.1083,34.77
4,20,car,596.39,479.92,750.89,584.8,104.88,0.2892,25.15
4,21,car,975.85,465.8,1040.42,515.9,50.1,0.1795,25.34
4,22,car,1058.46,459.39,1107.31,496.67,37.28,0.1499,21.49
4,23,car,906.9,447.54,939.3,474.63,27.09,0.126,32.26
4,24,car,708.09,471.34,755.53,523.35,52.02,0.2184,31.9
4,25,car,854.58,465.87,913.72,504.39,38.52,0.1691,31.52
4,26,car,1056.82,451.85,1100.74,490.77,38.92,0.1413,27.13
5,27,car,332.53,461.47,621.38,638.68,177.21,0.3993,21.89
5,28,car,806.44,442.56,868.8,491.34,48.78,0.1668,19.8
5,29,car,954.11,442.01,1018.87,492.57,50.56,0.1742,17.46
5,30,car,1036.96,439.2,1090.37,479.16,39.96,0.1607,25.03
5,31,car,751.35,447.1,791.84,476.81,29.71,0.1531,30.12
5,32,car,614.4,456.63,708.79,513.33,56.7,0.1955,29.27
5,33,car,1032.66,429.91,1083.53,462.65,32.74,0.139,31.45
5,34,car,681.81,439.23,757.62,481.9,42.66,0.1597,27.51
5,35,car,753.71,440.83,806.1,473.15,32.31,0.1488,32.71
6,36,car,1.04,425.93,239.39,794.53,368.6,0.8405,21.78
6,37,car,931.62,423.57,996.79,473.24,49.67,0.1486,20.53
6,38,car,1019.99,425.76,1077.65,467.79,42.03,0.1424,17.79
6,39,car,738.17,429.15,823.46,492.19,63.04,0.1771,23.0
6,40,car,540.84,437.67,656.1,500.88,63.21,0.2075,21.24
6,41,car,495.57,428.76,564.99,476.61,47.85,0.2041,20.0
6,42,car,1008.13,411.48,1040.79,437.31,25.83,0.1031,29.02
6,43,car,835.16,415.81,869.52,440.55,24.75,0.1108,38.73
7,44,car,901.88,439.16,963.63,490.89,51.73,0.1349,38.27
7,45,car,617.1,454.58,729.94,544.43,89.85,0.2174,27.4
7,46,car,1001.4,441.6,1062.46,488.76,47.16,0.1379,19.87
7,47,car,977.21,426.51,1014.65,458.58,32.07,0.094,24.58
7,48,car,785.68,436.07,826.49,468.84,32.76,0.107,32.25
7,49,car,434.83,460.38,584.83,540.51,80.13,0.2385,28.76
7,50,car,552.98,446.39,644.34,496.41,50.01,0.1826,24.21
7,51,car,415.54,456.8,475.95,509.17,52.36,0.2299,19.53
8,52,car,335.61,466.39,628.52,640.11,173.72,0.3865,16.91
8,53,car,981.97,449.48,1062.55,505.38,55.9,0.1743,16.12
8,54,car,874.61,446.62,937.86,497.58,50.96,0.1591,16.46
8,55,car,737.87,442.7,792.78,483.31,40.61,0.1321,23.91
8,56,car,955.12,437.55,997.45,470.69,33.14,0.1232,28.76
8,57,car,301.09,472.47,411.92,572.71,100.24,0.3529,24.86
8,58,car,801.77,434.29,827.87,456.11,21.83,0.0924,33.24
9,59,car,103.01,490.04,394.09,628.67,138.63,0.3547,24.17
9,60,car,0.34,583.13,106.73,897.49,314.36,0.9208,21.51
9,61,car,860.15,474.71,922.0,524.81,50.1,0.1542,11.29
9,62,car,982.72,480.12,1075.17,540.73,60.61,0.1796,14.96
9,63,car,942.53,466.61,985.38,499.8,33.19,0.1192,25.67
9,64,car,436.23,478.85,606.78,545.79,66.94,0.2224,23.64
9,65,car,1067.0,464.61,1098.09,494.5,29.89,0.1402,30.25
9,66,car,708.64,477.87,766.79,516.37,38.5,0.1513,28.55
9,67,car,595.48,479.87,652.39,518.35,38.47,0.1779,32.84
10,68,car,0.29,501.1,242.5,686.79,185.69,0.4891,21.82
10,69,car,381.49,482.57,599.03,561.13,78.56,0.2467,16.6
10,70,car,853.28,477.54,912.94,530.31,52.77,0.1672,13.93
10,71,car,994.33,487.99,1108.0,560.05,72.06,0.2247,17.28
10,72,car,949.82,475.49,992.09,509.53,34.04,0.1346,23.86
10,73,car,772.32,465.8,803.89,488.5,22.7,0.105,33.76
10,74,car,674.1,468.2,747.32,530.31,62.11,0.1689,34.69
10,75,car,604.68,486.13,651.73,523.33,37.2,0.1806,33.6
10,76,car,1075.51,476.65,1108.08,508.28,31.64,0.1571,28.58
11,77,car,859.43,467.23,919.45,515.33,48.1,0.1607,30.4
11,78,car,0.33,492.71,158.85,589.45,96.74,0.3644,23.89
11,79,car,323.13,475.74,581.65,567.9,92.16,0.2476,15.81
11,80,car,1022.38,477.42,1167.22,563.86,86.44,0.2262,12.2
11,81,car,963.37,464.04,1007.98,498.76,34.72,0.1322,19.58
11,82,car,652.81,466.37,733.86,528.94,62.57,0.1795,21.61
11,83,car,581.86,470.17,640.97,520.58,50.41,0.1815,24.82
11,84,car,931.95,461.11,971.86,495.76,34.65,0.1282,24.85
11,85,car,775.95,454.95,808.02,478.23,23.28,0.1138,35.44
12,86,car,243.72,459.62,549.64,573.15,113.53,0.2931,31.13
12,87,car,620.73,456.38,722.17,525.99,69.61,0.1899,25.43
12,88,car,1059.01,458.59,1241.75,565.66,107.06,0.2558,12.24
12,89,car,863.07,445.69,920.69,493.6,47.91,0.1371,17.03
12,90,car,974.39,446.29,1018.75,482.0,35.71,0.1228,22.42
12,91,car,771.58,438.82,806.31,462.73,23.91,0.0944,35.25
12,92,car,557.26,451.56,615.68,509.18,57.62,0.1929,33.8
12,93,car,510.31,466.93,557.69,515.86,48.92,0.2232,30.66
12,94,car,554.0,464.15,584.89,506.91,42.77,0.1987,23.22
12,95,car,1192.68,434.47,1247.62,473.88,39.41,0.1962,26.26
13,96,car,145.2,462.43,516.83,596.73,134.3,0.3392,21.27
13,97,car,1094.18,467.34,1335.64,601.23,133.89,0.3025,15.14
13,98,car,588.26,463.4,703.27,540.63,77.23,0.2248,10.38
13,99,car,859.92,451.2,915.72,496.67,45.47,0.1513,16.11
13,100,car,771.4,443.13,803.93,466.98,23.85,0.1164,29.64
13,101,car,976.45,449.87,1030.02,493.49,43.62,0.1439,33.59
13,102,car,469.98,472.66,526.32,523.56,50.9,0.2365,32.52
13,103,car,425.18,472.28,525.11,526.82,54.54,0.2472,23.12
13,104,car,528.27,459.5,592.48,516.23,56.73,0.2085,20.96
13,105,car,810.33,445.42,843.95,465.94,20.52,0.1163,32.49
13,106,car,663.99,431.28,733.33,488.98,57.71,0.15,32.28
14,107,car,58.75,460.39,494.38,618.58,158.2,0.4204,27.86
14,108,car,1126.92,468.42,1426.7,623.2,154.78,0.365,11.28
14,109,car,565.39,465.88,689.33,547.46,81.58,0.2458,9.21
14,110,car,861.03,452.85,915.27,494.86,42.01,0.1522,16.11
14,111,car,984.17,451.85,1039.1,498.51,46.66,0.153,22.01
14,112,car,771.08,443.98,801.34,467.67,23.69,0.1174,33.79
14,113,car,500.93,459.04,576.01,523.58,64.54,0.2351,30.47
14,114,car,385.87,473.12,501.78,531.67,58.55,0.2871,28.56
14,115,car,424.41,472.5,502.24,527.01,54.51,0.2656,19.03
14,116,car,652.98,437.37,724.18,495.24,57.87,0.1658,19.82
14,117,car,1226.24,439.25,1289.53,469.85,30.6,0.212,25.86
14,118,car,445.91,472.94,502.69,525.61,52.66,0.258,26.11
15,119,car,1159.7,462.42,1555.11,649.47,187.05,0.4515,21.38
15,120,car,5.04,462.49,503.7,643.49,181.0,0.4438,10.97
15,121,car,534.59,465.19,671.19,556.88,91.69,0.2493,7.95
15,122,car,863.03,453.78,912.01,491.19,37.41,0.1321,16.39
15,123,car,769.47,444.44,800.79,468.26,23.82,0.1034,30.79
15,124,car,987.49,449.19,1046.18,496.82,47.63,0.138,34.81
15,125,car,478.53,458.57,557.61,531.06,72.49,0.2419,29.65
15,126,car,717.25,446.0,750.56,480.35,34.34,0.1219,24.58
15,127,car,643.14,448.56,712.78,497.84,49.27,0.1576,24.28
15,128,car,815.36,445.39,840.03,465.46,20.07,0.1002,38.52
16,129,car,1198.69,468.37,1599.29,685.53,217.16,0.5219,28.83
16,130,car,59.39,458.78,587.35,652.68,193.91,0.4371,22.87
16,131,car,861.66,458.67,907.27,493.52,34.85,0.1395,14.52
16,132,car,520.08,470.92,666.02,562.68,91.75,0.2736,16.98
16,133,car,767.67,448.59,802.11,475.52,26.93,0.1157,29.56
16,134,car,986.63,455.58,1054.29,501.86,46.28,0.1538,26.79
16,135,car,472.25,461.09,542.57,503.47,42.38,0.1979,31.7
16,136,car,634.64,452.57,709.58,502.71,50.14,0.1641,24.93
16,137,car,809.51,449.78,838.7,470.64,20.86,0.1135,35.25
16,138,car,715.35,451.06,750.09,487.15,36.09,0.1302,37.0
17,139,car,1241.94,479.81,1599.27,720.87,241.06,0.6007,30.76
17,140,car,198.81,463.17,707.91,656.44,193.27,0.4885,13.95
17,141,car,862.38,463.89,904.28,496.93,33.03,0.1863,14.77
17,142,car,998.14,462.9,1058.42,509.76,46.86,0.1991,21.47
17,143,car,769.63,459.77,801.71,483.12,23.35,0.1749,36.04
17,144,car,630.4,446.66,715.67,510.22,63.56,0.2342,30.42
18,145,car,1272.32,481.45,1599.01,755.16,273.71,0.6712,23.52
18,146,car,339.32,463.42,806.43,653.61,190.18,0.4763,8.99
18,147,car,861.9,467.71,900.31,498.54,30.83,0.1802,15.46
18,148,car,226.95,492.46,379.83,590.45,97.99,0.4257,17.89
18,149,car,997.04,467.49,1060.47,516.98,49.49,0.2015,23.71
18,150,car,768.7,462.59,800.09,490.02,27.43,0.1692,25.29
19,151,car,520.03,462.71,897.25,636.5,173.8,0.4336,23.69
19,152,car,1312.01,486.36,1599.14,797.71,311.35,0.6706,17.09
19,153,car,198.53,495.06,406.34,596.34,101.28,0.3988,6.68
19,154,car,387.32,484.92,556.94,605.83,120.91,0.4059,7.6
19,155,car,1002.93,468.9,1062.44,518.78,49.88,0.1865,14.17
19,156,car,859.6,467.29,898.46,497.95,30.66,0.1643,23.13
19,157,car,1263.43,450.04,1324.01,492.61,42.57,0.182,29.12
19,158,car,1278.94,450.1,1323.22,490.47,40.37,0.1807,30.94
20,159,car,305.47,488.86,596.29,625.44,136.58,0.4134,21.06
20,160,car,1359.66,489.8,1599.17,775.48,285.68,0.7294,13.23
20,161,car,671.79,463.33,944.78,622.6,159.27,0.4075,6.03
20,162,car,162.78,499.4,375.95,605.25,105.84,0.4001,6.8
20,163,car,1001.5,471.68,1067.09,522.77,51.09,0.2226,13.05
20,164,car,1272.12,453.52,1351.78,498.78,45.26,0.2242,19.14
21,165,car,199.4,493.46,564.1,650.43,156.96,0.4795,17.98
21,166,car,769.06,464.29,971.01,604.74,140.45,0.3822,13.16
21,167,car,1434.88,541.46,1599.43,772.2,230.74,0.7746,6.22
21,168,car,1007.17,470.3,1075.49,526.04,55.74,0.2525,10.7
21,169,car,760.43,465.73,797.52,496.51,30.77,0.2297,20.37
21,170,car,701.26,468.62,740.63,504.65,36.03,0.2282,29.44
21,171,car,1303.43,455.04,1366.4,497.33,42.29,0.2567,31.57
21,172,car,123.25,504.58,336.57,616.93,112.35,0.4607,22.47
22,173,car,56.53,498.5,512.57,681.02,182.53,0.5183,13.91
22,174,car,834.41,464.04,981.91,587.35,123.31,0.3238,8.04
22,175,car,1017.95,470.81,1086.92,528.88,58.07,0.2264,11.39
22,176,car,1321.58,456.07,1385.51,499.0,42.93,0.2542,18.2
22,177,car,762.43,465.06,794.54,496.3,31.24,0.172,27.48
22,178,car,696.05,470.13,731.57,507.61,37.48,0.1923,31.14
22,179,car,1185.54,465.87,1239.07,513.66,47.79,0.246,30.27
23,180,car,0.55,506.15,451.83,723.81,217.65,0.5767,19.59
23,181,car,864.91,471.79,993.31,575.45,103.66,0.3018,13.0
23,182,car,1016.1,469.84,1097.67,532.94,63.1,0.2475,11.09
23,183,car,1345.1,454.53,1405.93,499.76,45.22,0.2686,17.77
23,184,car,1505.5,439.95,1599.31,538.87,98.92,0.3126,17.93
23,185,car,760.43,467.7,793.53,497.51,29.81,0.1729,24.82
23,186,car,1404.31,457.8,1470.48,489.8,32.0,0.2579,28.26
23,187,car,699.08,470.3,735.19,507.9,37.6,0.1898,34.67
23,188,car,1466.02,441.2,1550.94,488.31,47.11,0.2687,29.75
23,189,car,1324.52,451.64,1405.83,500.68,49.04,0.2698,25.66
24,190,car,0.43,512.46,369.0,737.1,224.64,0.6039,17.04
24,191,car,886.0,468.45,1000.94,560.83,92.38,0.2707,13.16
24,192,car,759.45,466.71,794.82,497.02,30.31,0.1608,18.22
24,193,car,1035.95,467.71,1112.52,534.27,66.56,0.2419,22.35
24,194,car,1357.64,446.98,1432.06,498.37,51.39,0.2698,25.57
24,195,car,289.93,489.28,432.25,590.7,101.42,0.3566,16.5
24,196,car,693.13,467.99,730.63,513.61,45.62,0.1833,19.22
24,197,car,1000.89,465.94,1114.31,533.24,67.3,0.2408,17.54
24,198,car,1227.58,463.87,1268.41,503.26,39.39,0.2244,23.54
24,199,car,668.53,477.46,699.78,524.06,46.6,0.2031,23.32
25,200,car,0.82,533.14,243.99,766.7,233.56,0.6297,19.18
25,201,car,894.21,468.75,998.01,554.68,85.93,0.2669,13.94
25,202,car,194.32,489.38,393.45,619.0,129.63,0.3879,8.57
25,203,car,1037.62,470.81,1128.37,537.51,66.69,0.2646,12.73
25,204,car,1518.25,434.68,1600.0,484.56,49.88,0.2687,15.87
25,205,car,1381.35,451.01,1464.64,498.63,47.62,0.3017,20.85
25,206,car,758.91,470.19,794.17,498.1,27.91,0.1698,28.97
25,207,car,990.07,466.45,1032.04,520.49,54.04,0.2389,28.45
25,208,car,692.07,472.78,728.42,516.16,43.38,0.1943,29.46
25,209,car,977.67,466.87,1017.45,515.09,48.22,0.2327,23.54
25,210,car,985.63,466.37,1022.82,518.8,52.43,0.2356,23.76
25,211,car,865.28,473.33,894.75,497.92,24.59,0.1804,30.52
25,212,car,1481.24,450.67,1528.43,485.34,34.67,0.2681,33.47
26,213,car,891.68,469.56,988.48,546.52,76.96,0.2307,31.19
26,214,car,55.9,494.02,343.83,644.25,150.23,0.4246,18.04
26,215,car,1056.49,470.47,1147.48,542.44,71.97,0.2466,12.49
26,216,car,0.05,535.48,71.09,683.08,147.6,0.4991,9.97
26,217,car,992.31,466.94,1031.11,518.25,51.32,0.2046,14.98
26,218,car,759.36,470.26,791.15,498.26,28.0,0.1477,23.53
26,219,car,864.57,474.33,895.49,499.06,24.73,0.1581,36.69
27,220,car,889.94,474.53,977.71,546.14,71.6,0.2121,34.58
27,221,car,1071.6,477.03,1175.39,553.07,76.04,0.2553,25.75
27,222,car,0.0,498.62,279.38,663.55,164.93,0.4199,12.39
27,223,car,674.37,479.32,718.83,525.78,46.46,0.1838,15.31
27,224,car,752.42,477.74,789.59,504.42,26.68,0.1531,24.8
27,225,car,1026.65,471.31,1078.0,537.76,66.45,0.2197,28.32
27,226,car,1454.47,447.61,1555.51,504.35,56.74,0.2714,26.68
27,227,car,727.35,484.07,762.24,510.12,26.05,0.162,26.99
27,228,car,863.19,477.27,893.12,502.14,24.87,0.1543,36.76
27,229,car,639.14,487.19,673.2,537.61,50.42,0.205,37.72
27,230,car,994.17,471.48,1038.42,521.48,50.0,0.1944,30.6
28,231,car,1088.79,477.89,1211.51,561.02,83.14,0.2515,19.65
28,232,car,0.29,503.93,168.65,677.7,173.77,0.4536,14.16
28,233,car,885.0,477.75,965.35,542.18,64.43,0.1947,12.46
28,234,car,1493.8,447.4,1599.0,508.48,61.07,0.2057,14.16
28,235,car,1034.62,469.75,1099.56,542.92,73.17,0.2112,17.3
28,236,car,743.29,479.55,783.9,510.49,30.94,0.1368,23.88
28,237,car,1008.21,474.64,1051.83,535.27,60.62,0.201,23.93
28,238,car,669.01,478.37,715.42,524.94,46.58,0.1662,26.98
28,239,car,861.2,478.04,887.02,503.69,25.64,0.1318,29.58
29,240,car,1113.75,486.48,1251.79,583.75,97.28,0.3064,27.11
29,241,car,879.19,485.88,954.79,547.68,61.8,0.1831,25.06
29,242,car,743.64,487.89,782.66,519.36,31.47,0.1265,22.28
29,243,car,659.5,486.42,707.03,535.02,48.6,0.1601,26.38
29,244,car,855.3,487.87,885.24,512.39,24.52,0.1263,36.0
29,245,car,795.26,488.55,826.38,506.7,18.15,0.1109,45.13
29,246,car,956.0,487.76,990.49,521.79,34.04,0.1708,48.48
29,247,car,1055.5,479.63,1153.39,564.34,84.71,0.2586,37.1
29,248,car,991.69,483.1,1037.26,540.3,57.2,0.203,22.31
29,249,car,1048.61,479.94,1122.25,559.91,79.97,0.2462,15.75
29,250,car,735.83,489.8,782.42,523.43,33.63,0.1321,22.83
29,251,car,1000.04,484.47,1047.56,540.86,56.39,0.206,22.92
29,252,car,1453.17,460.39,1524.37,517.68,57.29,0.3227,24.65
29,253,car,1341.46,476.2,1402.2,527.26,51.06,0.3008,20.39
30,254,car,871.41,489.83,942.71,547.4,57.58,0.1951,20.27
30,255,car,1152.15,490.4,1323.08,606.46,116.07,0.3109,17.03
30,256,car,633.77,487.65,696.39,539.24,51.59,0.1864,17.18
30,257,car,1099.24,483.19,1216.06,582.1,98.91,0.273,14.34
30,258,car,1363.62,467.88,1480.49,540.45,72.56,0.2464,16.33
30,259,car,739.52,489.66,786.44,525.52,35.86,0.1525,19.67
30,260,car,1037.38,484.41,1102.68,560.23,75.82,0.2359,20.87
30,261,car,962.05,492.72,990.74,526.63,33.91,0.1779,26.96
30,262,car,1400.7,482.41,1479.58,540.49,58.08,0.2492,22.69
30,263,car,932.65,485.89,977.79,522.92,37.03,0.1663,28.08
30,264,car,1070.79,482.64,1146.7,572.22,89.58,0.2546,20.99
30,265,car,793.41,488.54,821.94,507.66,19.12,0.1296,34.78
31,266,car,1208.73,478.59,1434.81,625.2,146.61,0.4172,26.87
31,267,car,1425.07,449.71,1560.0,534.17,84.45,0.3573,27.0
31,268,car,866.05,478.29,932.12,531.75,53.47,0.1645,13.93
31,269,car,1101.84,471.09,1268.89,583.1,112.02,0.325,14.77
31,270,car,744.66,483.12,788.67,516.12,33.0,0.1271,22.19
31,271,car,1009.96,471.08,1097.35,542.57,71.49,0.221,20.3
31,272,car,1051.09,471.59,1126.07,558.46,86.88,0.2539,21.33
31,273,car,962.99,484.0,1000.67,520.01,36.01,0.1703,20.23
31,274,car,931.99,477.29,972.84,512.39,35.1,0.1513,25.91
31,275,car,713.77,483.0,750.86,511.01,28.01,0.1183,35.46
32,276,car,1305.07,485.87,1599.41,676.75,190.87,0.4738,26.67
32,277,car,1147.61,465.96,1386.54,615.91,149.95,0.3496,18.14
32,278,car,859.44,480.33,922.37,534.46,54.13,0.1362,11.42
32,279,car,1079.92,475.72,1203.18,576.47,100.75,0.2566,13.29
32,280,car,740.71,486.88,785.7,522.44,35.56,0.1042,21.81
32,281,car,1034.41,476.64,1107.83,556.0,79.37,0.2064,19.45
32,282,car,974.75,486.44,1009.62,523.44,37.0,0.1479,26.15
32,283,car,614.83,482.79,673.06,535.0,52.21,0.1288,22.6
32,284,car,524.01,489.45,589.9,562.43,72.99,0.1818,23.06
32,285,car,928.22,480.66,979.77,517.46,36.8,0.1282,23.17
32,286,bus,342.16,451.02,507.31,595.96,144.94,0.2331,20.95
32,287,car,614.18,480.41,654.14,537.11,56.7,0.1325,22.54
32,288,car,1008.14,480.43,1057.96,544.51,64.08,0.1803,17.98
32,289,car,708.13,483.73,749.03,515.13,31.4,0.0958,25.22
33,290,car,1214.03,456.92,1587.07,655.59,198.67,0.5009,20.16
33,291,car,1473.77,492.89,1599.63,705.24,212.35,0.5971,15.8
33,292,car,1115.1,471.93,1287.09,593.42,121.49,0.332,6.38
33,293,car,854.24,479.21,917.44,529.46,50.24,0.1447,12.29
33,294,car,980.06,485.3,1024.98,525.87,40.58,0.1685,20.13
33,295,car,479.98,490.63,558.39,562.85,72.21,0.2254,22.34
33,296,truck,250.97,443.55,491.98,603.74,160.19,0.3104,19.58
33,297,car,1057.37,472.68,1155.92,567.07,94.39,0.2537,14.11
33,298,car,725.46,482.31,773.99,524.43,42.13,0.1261,18.08
33,299,car,597.25,480.26,656.63,536.33,56.07,0.1549,20.02
33,300,car,935.05,478.59,975.82,516.16,37.57,0.1433,26.32
33,301,car,1018.19,481.38,1072.1,550.0,68.62,0.2109,22.65
33,302,car,773.86,473.27,812.73,499.36,26.08,0.0981,30.75
33,303,car,500.97,489.88,558.69,560.19,70.31,0.2187,25.86
33,304,car,692.52,485.83,725.36,515.46,29.64,0.1187,33.43
33,305,car,945.99,479.65,988.03,519.4,39.75,0.1492,28.16
34,306,car,1330.66,441.78,1598.97,733.31,291.53,0.6017,23.95
34,307,car,1167.53,460.31,1415.57,618.81,158.49,0.4063,13.12
34,308,truck,109.78,429.16,437.53,637.04,207.89,0.402,7.13
34,309,car,1086.39,464.43,1227.08,575.48,111.05,0.2957,9.3
34,310,car,418.58,484.93,520.54,571.64,86.71,0.2725,11.33
34,311,car,852.29,474.35,910.62,521.83,47.48,0.1479,15.75
34,312,car,1036.67,475.67,1101.2,551.11,75.44,0.2356,17.4
34,313,car,710.33,474.68,764.76,529.23,54.55,0.1501,20.16
34,314,car,988.87,481.19,1045.9,525.76,44.58,0.1849,20.61
34,315,car,774.4,473.47,799.81,496.05,22.57,0.1112,32.84
34,316,car,515.32,489.65,580.24,544.87,55.23,0.2035,32.66
34,317,car,576.18,477.51,638.52,535.43,57.91,0.1797,30.7
34,318,car,954.41,472.85,998.05,518.17,45.33,0.1617,21.94
35,319,car,1268.16,452.62,1599.52,682.79,230.17,0.5354,16.57
35,320,truck,0.3,420.72,352.86,679.66,258.95,0.4648,12.89
35,321,car,1135.42,457.01,1338.37,598.09,141.08,0.3621,7.0
35,322,car,1069.3,474.49,1161.98,565.52,91.03,0.2744,9.58
35,323,car,329.08,484.32,480.69,589.75,105.44,0.3104,10.17
35,324,car,1002.17,478.5,1080.83,536.04,57.54,0.2219,14.16
35,325,car,686.84,477.75,752.36,540.95,63.2,0.1871,16.1
35,326,car,850.82,473.17,907.57,520.11,46.94,0.1733,20.75
35,327,car,939.99,471.01,982.33,513.91,42.89,0.1741,23.11
35,328,car,545.37,469.0,613.83,536.45,67.45,0.1995,22.71
35,329,car,964.82,470.5,1018.55,521.71,51.21,0.1908,21.99
35,330,car,601.84,485.28,630.29,534.81,49.53,0.1924,20.76
36,331,truck,0.54,406.13,182.01,685.81,279.69,0.4052,17.87
36,332,car,1230.94,439.68,1596.1,649.23,209.55,0.4655,12.12
36,333,car,1026.36,474.76,1138.42,542.16,67.4,0.2173,10.04
36,334,car,168.32,484.6,397.99,620.17,135.57,0.3372,10.0
36,335,car,625.24,484.23,730.19,565.62,81.39,0.2236,12.95
36,336,car,1129.12,472.12,1257.67,581.19,109.07,0.3225,10.71
36,337,car,850.88,472.53,907.29,518.21,45.69,0.1566,16.42
36,338,car,716.57,468.88,754.44,503.58,34.7,0.1296,22.94
36,339,car,952.44,466.89,998.74,515.56,48.67,0.1573,27.46
36,340,car,1515.52,529.99,1599.63,731.3,201.31,0.6404,20.72
36,341,car,907.72,470.59,948.36,503.77,33.18,0.1401,21.2
36,342,car,984.57,465.7,1044.93,527.81,62.1,0.1808,19.45
36,343,car,1164.61,477.75,1275.83,586.87,109.12,0.3408,21.14
36,344,car,575.13,489.29,610.61,537.16,47.87,0.185,17.47
36,345,car,768.83,470.46,795.06,495.41,24.95,0.12,26.87
36,346,car,488.39,469.04,583.5,546.66,77.62,0.1915,28.43
36,347,car,1168.87,492.35,1257.63,589.22,96.87,0.3408,24.23
36,348,car,940.79,468.54,969.58,510.53,41.99,0.15,17.85
36,349,car,820.74,471.66,852.24,499.27,27.61,0.1273,26.97
36,350,car,426.48,492.5,515.54,560.22,67.72,0.2119,28.79
37,351,car,551.16,485.88,699.1,593.23,107.35,0.279,23.08
37,352,car,0.0,481.76,322.84,653.97,172.21,0.4217,11.14
37,353,car,1050.12,474.37,1175.0,548.85,74.48,0.2567,10.57
37,354,car,1345.58,432.56,1598.91,723.5,290.94,0.6049,8.27
37,355,car,1183.86,472.79,1410.25,610.7,137.91,0.4505,8.77
37,356,car,1006.68,464.23,1070.58,531.0,66.78,0.2158,9.41
37,357,car,675.98,482.22,718.36,508.14,25.92,0.1417,23.13
37,358,car,912.48,470.31,953.92,502.07,31.76,0.1576,32.65
37,359,car,850.54,468.49,904.45,515.96,47.47,0.1617,35.07
37,360,car,969.38,465.84,1018.4,518.67,52.83,0.191,27.4
37,361,car,716.86,466.23,759.66,502.63,36.4,0.1265,25.94
37,362,car,957.11,466.62,1004.07,515.83,49.21,0.185,25.6
37,363,car,915.99,468.47,962.56,506.3,37.83,0.1646,28.53
37,364,car,930.07,469.38,966.15,507.58,38.2,0.1695,27.92
37,365,car,768.86,468.58,796.0,492.49,23.91,0.1184,36.4
37,366,car,819.48,473.02,851.23,496.98,23.96,0.132,42.4
38,367,car,336.55,491.65,615.36,676.4,184.74,0.4962,34.27
38,368,car,1086.15,481.67,1246.07,573.83,92.15,0.2857,22.07
38,369,car,0.45,482.98,182.09,665.18,182.2,0.5523,7.82
38,370,car,1294.35,466.48,1599.25,686.21,219.73,0.5567,7.49
38,371,car,658.2,484.52,714.68,515.76,31.24,0.1385,15.82
38,372,car,1034.39,469.94,1107.19,547.23,77.28,0.2176,18.82
38,373,car,850.21,475.99,905.2,519.74,43.75,0.1425,26.07
38,374,car,720.87,472.07,768.81,506.35,34.27,0.1204,25.03
38,375,car,936.25,477.71,969.95,514.38,36.68,0.1449,30.65
38,376,car,990.66,474.0,1041.39,534.61,60.61,0.1888,28.12
38,377,car,977.28,470.99,1041.59,524.53,53.54,0.1751,23.94
38,378,car,692.62,482.78,723.79,513.27,30.5,0.1319,26.11
38,379,car,914.17,477.45,957.93,509.74,32.29,0.1357,31.79
38,380,car,301.13,477.03,457.57,586.44,109.41,0.359,27.98
38,381,car,954.65,476.88,986.12,519.45,42.57,0.1568,24.32
38,382,car,971.08,471.48,1022.19,521.96,50.48,0.1676,19.95
39,383,car,0.43,516.76,318.9,887.51,370.75,0.8459,17.47
39,384,car,1135.75,467.53,1353.06,576.89,109.37,0.3093,11.82
39,385,car,1058.29,452.46,1183.19,549.91,97.45,0.2407,8.08
39,386,car,1513.48,524.01,1599.63,703.19,179.18,0.5689,9.15
39,387,car,645.63,482.34,690.04,511.63,29.29,0.1374,18.96
39,388,car,727.62,463.93,770.62,498.51,34.58,0.112,26.34
39,389,car,926.43,465.26,975.78,503.36,38.1,0.147,34.54
39,390,car,467.77,486.15,533.94,552.09,65.95,0.2295,27.07
39,391,car,1013.22,459.1,1076.66,529.7,70.59,0.2003,21.21
39,392,car,850.92,470.54,901.66,510.41,39.87,0.147,20.76
39,393,car,810.03,473.7,845.5,499.22,25.52,0.1257,30.23
39,394,car,972.45,462.0,1019.94,516.58,54.58,0.1727,31.86
39,395,car,770.51,467.27,801.77,487.82,20.54,0.103,41.16
39,396,car,981.48,461.56,1034.12,518.49,56.93,0.1786,32.69
39,397,car,919.71,464.93,955.28,499.12,34.19,0.1378,36.98
39,398,car,692.04,475.95,721.38,505.42,29.47,0.1237,31.16
40,399,car,1213.43,485.38,1534.94,634.39,149.0,0.4315,26.84
40,400,car,1098.29,463.02,1272.08,582.6,119.58,0.294,18.65
40,401,car,268.38,484.61,421.15,605.47,120.87,0.3135,8.54
40,402,car,5.65,484.96,278.62,651.44,166.48,0.3985,8.31
40,403,car,1046.96,470.88,1118.52,555.48,84.6,0.2234,9.68
40,404,car,809.81,487.87,842.3,510.72,22.85,0.1066,23.67
40,405,car,933.57,478.8,982.64,518.76,39.96,0.1344,31.18
40,406,car,852.93,480.11,902.63,523.19,43.08,0.1294,35.7
40,407,car,1011.69,472.35,1066.4,539.36,67.01,0.1931,24.34
40,408,car,635.91,489.25,694.99,523.64,34.39,0.1307,25.92
40,409,car,1015.58,471.09,1106.18,544.18,73.09,0.2034,22.13
40,410,car,632.3,491.01,682.09,524.7,33.69,0.1351,27.92
40,411,car,730.46,475.2,775.49,514.58,39.37,0.1069,26.56
40,412,car,940.81,479.36,992.72,520.21,40.85,0.1414,30.81
40,413,car,406.64,498.47,492.85,572.28,73.81,0.2647,24.39
40,414,car,481.97,513.04,528.04,550.77,37.74,0.2383,24.47
40,415,car,420.79,497.17,511.47,563.67,66.5,0.2551,20.66
40,416,car,690.23,486.6,718.9,517.32,30.72,0.114,28.25
40,417,car,990.4,473.57,1034.99,531.06,57.48,0.1788,24.93
40,418,car,648.51,488.01,712.96,522.6,34.59,0.1253,30.5
